product_name_jd,product_price_jd
【新品上市】APPLE苹果2019新款iPad Air3 10.5英寸平板电脑pad 深空灰色 64G-WLAN版【官方标配】,3588.00
Apple iPad Air 3 2019年新款平板电脑 10.5英寸（256G WLAN版/A12芯片/Retina显示屏/MUUQ2CH/A）深空灰色,4999.00
苹果（Apple）2019新款 iPad Air 10.5英寸平板电脑Air3 深空灰色 64G WLAN版 【官 方 标 配】,3619.00
Apple iPad Air 3 2019年新款平板电脑 10.5英寸（64G WLAN版/A12芯片/Retina显示屏/MUUL2CH/A）金色,3799.00
Apple iPad Air 3 2019年新款平板电脑 10.5英寸（256G WLAN版/A12芯片/Retina显示屏/MUUT2CH/A）金色,4999.00
苹果（Apple）2019新款 iPad Air 10.5英寸平板电脑Air3 金色 64G WLAN版 【官 方 标 配】,3619.00
【新品上市】APPLE苹果2019新款iPad Air 3 10.5英寸平板电脑air3 金色 64G WLAN版【官方标配】,3619.00
苹果（Apple）2019新款 iPad Air 10.5英寸平板电脑Air3 银色 64G WLAN版 【官 方 标 配】,3619.00
苹果（Apple）2019新款 iPad Air 10.5英寸平板电脑Air3 深空灰色 64G WLAN版+ 皮套 + 钢化膜,3659.00
APPLE苹果ipad2019新款10.2英寸iPad2018款9.7英寸平板电脑air2更新版7代 金色 128G WLAN版【标配】,2788.00
苹果（Apple）2019新款 iPad Air 10.5英寸平板电脑Air3 深空灰色 64G WLAN版+原厂笔+壳+ 膜,4369.00
苹果（Apple）2019新款 iPad Air 10.5英寸平板电脑Air3 银色 64G WLAN版+ 皮套 + 钢化膜,3659.00
APPLE苹果ipad2019新款10.2英寸iPad2018款9.7英寸平板电脑air2更新版7代 金色 128G WLAN 键盘+壳膜,2868.00
苹果（Apple）2019新款 iPad Air 10.5英寸平板电脑Air3 深空灰色 256GWLAN版 【官 方 标 配】,4669.00
苹果（Apple）ipad2019新款第7代10.2英寸2018款9.7英寸air2更新版平板电脑 深空灰色 10.2英寸128GWLAN版【官方标配】,2758.00
拍拍 【二手99新】Apple/苹果 iPad 2019年新款ipad air3平板电脑 10.5英寸 air3 99新 无瑕疵 官方在保（颜色备注） 64G WIFI,3039.00
苹果（Apple）2019新款 iPad Air 10.5英寸平板电脑Air3 金色 64G WLAN版+ 皮套 + 钢化膜,3669.00
苹果（Apple）2019新款 iPad Air 10.5英寸平板电脑Air3 深空灰色 256GWLAN版+原厂笔+壳+ 膜,5419.00
Apple Pencil一代/二代适用苹果iPad/Air3 10.5/mini5/pro11手写笔 Apple Pencil（一代）,699.00
Apple iPad Air 3 2019新款平板电脑10.5英寸（64G WLAN+Cellular版/A12芯片/Retina屏/MV0T2CH/A）深空灰色,4699.00
苹果（Apple）2019新款 iPad Air 10.5英寸平板电脑Air3 银色 256GWLAN版+原厂笔+壳+ 膜,5389.00
【新品上市】APPLE苹果2019新款iPad Air 3 10.5英寸平板电脑air3 深空灰色 64G WLAN版【官方标配】,3619.00
苹果（Apple）2019新款 iPad Air 10.5英寸平板电脑Air3 深空灰色 64G WLAN版+蓝牙键盘+壳膜,3699.00
【新品上市】APPLE苹果2019新款iPad Air 3 10.5英寸平板电脑air3 深空灰色 256G WLAN版【标配】,4679.00
APPLE苹果ipad2019新款10.2英寸iPad平板电脑air2更新版7代 深空灰色 32G WLAN版+壳膜套装,2268.00
APPLE苹果 Apple Pencil手写笔适用19年新款iPad/mini5/air3手写笔,699.00
Apple Pencil一代iPad手写笔原装 iPad/mini5/Air3触屏电容笔多色笔套 Apple pencil 一代（适用机型详询客服）,699.00
苹果（Apple）ipad2019新款第7代10.2英寸2018款9.7英寸air2更新版平板电脑 银色 10.2英寸128GWLAN版【官方标配】,2768.00
苹果（Apple）2019新款 iPad Air 10.5英寸平板电脑Air3 银色 64G WLAN版+原厂笔+壳+ 膜,4369.00
【新品上市】APPLE苹果2019新款iPad Air 3 10.5英寸平板电脑air3 金色 256G WLAN版【标配】,4649.00
product_name_jd,product_price_jd
,
,
,
,
,
,
,
,
,
,
,
,
,
,
,
,
,
,
,
,
,
,
,
,
,
,
,
,
,
,
,
,
,
,
,
,
,
,
,
,
,
,
,
,
,
,
,
,
,
,
,
,
,
,
,
,
,
,
,
,
