product_name_tmall,product_price_tmall
,
,
,
,
,
,
,
,
,
,
,
,
,
,
,
,
,
,
,
,
,
,
,
,
,
,
,
,
,
,
product_name_tmall,product_price_tmall
Apple/苹果 10.5 英寸 iPad Air,3896.00
Huawei/华为 HUAWEI MatePad Pro,3299.00
Huawei/华为 华为MatePad,2149.00
Apple/苹果 new iPadwifi版,2768.00
Apple/苹果 10.2 英寸 iPad 无线局域网机型,3098.00
Apple/苹果 Apple/苹果 10.2 英寸 iPad,3099.00
Apple/苹果 Apple/苹果 10.5 英寸 iPad Air,3638.00
典籍 S70 升级版,2338.00
典籍 Q90,2598.00
典籍 S90 升级版,1488.00
韩众 韩众T9 pro air mini3,628.00
摆渡者 A9000,328.00
韩众 韩众T1 pro air mini3,408.00
歌姿 歌姿T8 air mini3,528.00
韩众 韩众T10 pro air mini3,328.00
Uniscom/紫光电子 L2,288.00
Huawei/华为 HUAWEI MatePad Pro 5G,5199.00
Apple/苹果 10.5 英寸 iPad Air,6623.00
Apple/苹果 10.5 英寸 iPad Air,6116.00
Apple/苹果 10.5 英寸 iPad Air,6869.00
2019新款iPadair3保护套iPad10.2寸2018轻薄Pro10.5全包mini,1499.00
亿色2019新款iPadAir3保护套2018苹果10.2英寸平板mini5电脑10.5硅胶2超薄9.7寸三折7液态a2152全包第七代壳,55.00
ipad保护套ipad2019新款10.2寸ipadair2硅胶ipad7儿童2018防摔air3壳6可爱air2平板9.7电脑ipad7网红ipadair3,48.00
iPadair3保护套10.5寸2019新款10.2儿童防摔2018款9.7寸苹果Air2平板电脑A1893壳A2197套横竖mini567网红7th,78.00
闪魔ipad类纸膜2020新款pro11寸10.5贴膜2019手写膜10.2寸纸质air2磨砂2018苹果iPadAir3钢化12.9平板mini4/5,63.80
2020/2019新款ipadAir3保护套带笔槽Pro10.5英寸2018平板电脑iPadPro全包防摔mini5硅胶壳10.2苹果网红软外壳,27.00
【新品】ipadair3保护套2019款带笔槽10.2寸苹果7平板2020ipadpro11防摔ipad2018透明mini5气囊10.5三折壳,43.80
iPadair3保护套2019新款10.2寸2018苹果ipad7平板电脑mini5全包pro10.5硅胶防摔迷你4软壳a2197皮套9.7寸网红,29.80
ipad保护套10.2苹果2019新款平板IPADAIR3套AIR2爱派MINI5网红卡通2018皮套9.7寸pro10.5保护套硅胶IPAD4软壳,9.80
ipad类纸膜ipadPro新款2020Pro11寸手写ipadair3磨砂2019纸类膜12.9纸质10.5保护10.2平板9.7类纸2018mini5膜,75.00
2018新款iPad7/6/5保护套网红2019苹果iPad Air3/2/1蓝牙键盘皮套带笔槽mini5/4液态硅胶Pro10.5/10.2防摔壳,126.00
品胜iPad钢化膜11英寸2020iPad Pro苹果9.7寸平板Air2/Air3/iPad5/6/7全屏膜抗蓝光12.9寸迷你mini高清保护膜,37.80
讯迪适用iPad2018保护套ipad mini5苹果2019超薄ipadair3防摔pro 10.5寸平板10.2硅胶9.7透明air2迷你mini4壳,62.00
闪魔iPad 2019钢化膜新ipad10.2寸蓝光iPad air3全屏覆盖全包Pro10.5寸苹果新款平板电脑iPad7保护贴膜第七代,26.00
苹果ipadair3保护套笔槽2019新款卡通网红pencil平板电脑10.5英寸创意带笔槽硅胶软壳可爱少女新版壳超薄皮套,47.00
ipadair3保护套ipad2019新款10.2寸ipadpro2020三折ipad2018平板ipadair2硅胶pro10.5带笔槽9.7全包mini5壳11,55.00
2019新款ipad10.2保护套ipadair3带笔槽Mini5苹果平板2018电脑壳2020版Pro11薄pad7硅胶10.5笔槽12.9三折网红,29.80
Benks 2019新款iPadair3保护套iPad10.2寸2018轻薄Pro10.5全包mini5苹果6平板电脑5壳pad超薄9.7英寸硅胶7代2,57.00
SkinAT 苹果平板电脑贴膜新款iPad Pro 11/12.9透明膜iPad Air3贴纸iPad mini 5/4保护膜ipadpro背膜2020贴膜,94.05
Hello Kitty原装正品2018新款ipad保护套网红苹果2019ipad air3/2/1硅胶防摔pro9.7/10.5/10.2平板外壳潮女款,44.00
iPad10.2寸苹果2019款ipadair3保护套硅胶防摔平板电脑10.5寸mini5壳air1爱派迷你4壳iPad6儿童2018款套7代壳,98.00
老款iPad pro12.9保护套带笔槽第一代A1584液态硅胶2017款苹果二代10.2气囊防摔2015软套ipadair3全包pro10.5,57.42
ipad背膜air3水凝后膜air2苹果mini4/5后壳贴纸2019新款10.2寸pro9.7平板贴膜10.5英寸2020/2018全包ipad6/7,12.28
苹果ipadair3保护套带笔槽2020新款ipadpro保护套ipad7防摔mini5硅胶10.2保护壳9.7简约2019皮套全包平板套,38.00
BOW 2019新ipad air3蓝牙键盘鼠标保护套mini5/4皮套带笔槽2018ipad平板pro9.7/10.5/10.2键鼠套装苹果7代,72.00
苹果2019新款ipadair3保护套2020Pro10.5/10.2蓝牙iPad键盘皮套9.7英寸2018带笔槽软硅胶气囊防摔平板电脑壳,102.00
新款ipadair3保护套2019带蓝牙键盘10.2英寸2020苹果pro10.5可爱9.7防摔2018平板电脑外壳11全包12.9笔槽皮套,108.00
苹果ipadpro11保护套防弯全包可充电ipadair3保护套带笔槽磁吸防摔硅胶ipadpro2020保护套12.9iPad10.2保护壳,208.00
适用于ipad保护套ipadair3平板6壳air2透明2019防摔2020ipadmini5苹果7/9.7/10.5寸2018款mini4电脑ipadpro11,28.50
2020新款iPadPro11钢化膜12.9蓝光iPadAir3全屏10.2寸2019Pro平板10.5高清iPad7钢化2018贴膜6迷你mini5膜2/4,65.00
苹果2020ipadpro11蓝牙键盘鼠标2019新款10.2寸保护套ipadair3带笔槽mini5平板电脑10.5触摸板12.9超薄2018壳,208.00
ipadpro2020保护套pro11寸12.9新款ipadair3保护壳透明10.5苹果平板10.2轻薄2018/2019外壳防弯mini5无盖后壳,75.00
2017/2018ipad9.7保护套A1822平板电脑外壳11英寸2020硅胶套12.9迷你5苹果mini2透明ipad Air3/Pro10.5软后壳,9.60
可爱2018版新款爱派苹果ipad air2第五代pro11寸ipaid平板电脑保护套mini5硅胶壳1迷你ipadair3/4网红全包pad,38.80
苹果iPadair3/2/1保护套带蓝牙键盘2019硅胶皮套2020新款Pro11/9.7/10.5/12.9平板笔槽7代软壳可爱少女2018,148.00
iPadair3保护套带笔槽2019款iPad10.2苹果9.7平板保护壳iPad2018/2017透明全硅胶壳mini5防摔气囊Pro10.5外壳,35.00
苹果iPad Air3/Air2后膜 新款ipad2019/2018/2017碳纤维背膜磨砂防指纹贴纸ipad Pro11/10.5/9.7寸平板保护膜,9.80
【液态硅胶】2020新款iPad Air3保护套Pro11寸2018苹果9.7寸平板电脑10.5英寸带笔槽液态硅胶壳mini5全包防摔,185.00
图拉斯ipadair3钢化膜ipadmini5新款2019防蓝光保护膜苹果10.2寸7平板2/6/4/1贴膜pro11/12.9/10.5抗9.7英寸i,87.00
SkinAT iPad Pro保护套iPad Air3外壳背膜贴纸卡通ipad2020贴膜,84.55
