product_name_dd,product_price_dd,product_discount_dd
,,
,,
,,
,,
,,
product_name_dd,product_price_dd,product_discount_dd
 ipad air3钢化膜磨砂mini5/4/3/2苹果2019平板9.7寸新款2017/2018全屏 ipad min,¥117.00,
 iPad air3平板9.7苹果2018新款Pro11英寸保护套mini2蓝牙键盘6壳4 Mini1/2/3 渐变独角,¥270.00,
 iPad6air3苹果2平板电脑10.5保护套2018新款Pro11英寸mini4无线蓝牙键盘1防摔,¥260.00,
 iPad air3迷你5苹果2018新款Pro11英寸10.5平板电脑6保护套2019防摔三折201,¥117.00,
 iPad air3保护套mini5迷你4苹果9.7平板电脑2018新款Pro11英寸10.5潮牌20,¥117.00,
 iPad air3苹果6平板电脑2018新款Pro11英寸10.5硅胶4保护套mini1/2迷你5日,¥117.00,
 iPad air3平板电脑mini5迷你4苹果2018新款Pro11英寸2019保护套6硅胶10.5,¥117.00,
 iPad air3平板电脑6苹果2018新款Pro11英寸2019保护套mini5迷你4硅胶10.5,¥117.00,
 iPad air3保护套9.7苹果2018新款Pro11英寸10.5平板电脑6迷你4mini5潮牌1 【ai】 幸运猪,¥117.00,
 iPad6air3苹果2平板电脑10.5保护套2018新款Pro11英寸mini4无线9.7蓝牙键盘,¥260.00,
 iPad air3苹果2019新款Pro11英寸9.7平板6保护套mini2迷你4壳10.5,¥110.00,
 iPad air3保护套2018新款11英寸mini2迷你4平板6苹果Pro9.7壳10.5 Pro11新款 小鸡头像,¥127.00,
 iPad Air3保护套苹果2019平板pro10.5英寸防摔电脑壳卡通可爱皮套 加钢化膜,¥84.00,
 ipad air3 10.5键盘皮套苹果平板电脑IPAD 9.7英寸2018版保护套air1/2无线 ipad min,¥393.00,
 【预订】iPad Air 3 & Mini 5 User Guide for iOS 13: Get the Best,¥157.43,
 ipad air3钢化膜2019新款ipad苹果mini4迷你5全屏2018平板10.5 iPad Pro/Air3(,¥87.00,
 iPad air3平板9.7苹果2018新款Pro11英寸保护套mini2蓝牙键盘6壳4,¥290.00,
 iPad air3苹果6平板电脑mini5迷你2/4潮壳2018新款Pro11英寸10.5保护套20,¥117.00,
 ipad air3钢化膜mini2/3/4苹果2019新款2018新版5/6平板ipda1电脑pro 【2018ipa,¥71.00,
 ipad air3保护套苹果2019新款pro10.5英寸黑白大理石3迷你4硅胶mini5超薄201,¥117.00,
 iPad air3果2019新18款mini4迷你2平板9.7保护套Pro11英寸10.5壳6,¥115.00,
 iPad air3苹果9.7平板6电脑迷你5mini4潮2018新款Pro11英寸10.5保护套20,¥117.00,
 iPad Air3保护套2019新款air10.5寸硅胶软壳苹果平板电脑A2152全包防摔超薄网红新,¥110.00,
 iPad air3苹果mini5迷你1/2平板电脑2018新款Pro11英寸4休眠2019保护套10,¥115.00,
 iPad air3苹果2018新款Pro11英寸平板5保护套9.7笔槽air1/2软壳6 【型号对照表】,¥157.00,
 ipad air3钢化膜磨砂mini5/4/3/2苹果2019平板9.7寸新款2017/2018全屏 ipad pro,¥126.00,
 iPad air3苹果2018新款Pro11英寸平板mini2迷你4壳10.5保护套9.7 Pro11新款 瞪眼家族,¥129.00,
 iPad air3苹果2018新款Pro11英寸2平板10.5保护套mini笔槽9.7壳6,¥168.00,
 iPad Air3保护套2019苹果pro10.5英寸平板电脑保护壳防摔超薄皮套,¥90.00,
 iPad Air3保护套带笔槽新2019平板苹果A2152防摔硅胶软壳全包皮套 加钢化膜,¥95.00,
 iPad6air3苹果2平板电脑10.5保护套2018新款Pro11英寸mini4无线2019蓝牙键,¥305.00,
 iPad Air3保护套带笔槽新2019平板苹果A2152防摔硅胶软壳全包皮套,¥106.00,
 iPad Air3保护套苹果2019平板pro10.5英寸防摔电脑壳卡通可爱皮套,¥94.00,
 iPad air3保护套9.7苹果6平板电脑2018新款Pro11英寸mini5迷你4创意10.5超,¥117.00,
 iPad air3平板6保护套2019新款Pro11英寸mini4迷你2苹果10.5壳9.7 Pro11新款 开车粉p,¥121.00,
 iPad air3苹果2平板6保护套2018新款Pro11英寸mini4键盘9.7壳10.5 Air1/2/Pro9.,¥290.00,
 iPad air3平板9.7苹果2018新款Pro11英寸保护套mini2蓝牙键盘6壳4,¥245.00,
 iPad air3苹果2平板6保护套2018新款Pro11英寸mini4键盘9.7壳10.5 Air1/2/Pro9.,¥239.00,
 苹果iPad Air3保护套pro10.5硅胶9.7英寸pad防摔壳子2019新款平板电脑12.9寸,¥149.00,
 优品ipad air3钢化膜磨砂mini5/4/3/2苹果2019平板9.7寸新款2017/2018 ipad pro,¥51.00,
product_name_dd,product_price_dd,product_discount_dd
,,
,,
,,
,,
product_name_dd,product_price_dd,product_discount_dd
,,
,,
,,
,,
,,
,,
 苹果ipad air3 pro 10.5 A1701/A1852平板电脑无线蓝牙键盘皮套,¥490.00,
 苹果iPad Air3真皮保护套 10.5英寸iPad Pro真皮皮套支撑套,¥407.00,
 苹果ipad air3T套子9.7英寸APD5平板电脑A1822保护套ipd外壳ipod Air1＆2/新iPad 树,¥90.00,
 2018iPad6air3苹果新版9.7保护套10.5平板电脑Pro11英寸mini4迷你2新款1无 【11寸带笔槽】,¥260.00,
 2018iPad6air3苹果2平板电脑10.5保护套Pro11英寸mini4新款2017无线蓝牙9,¥260.00,
 9.7寸ipad air3保护套 2017苹果air2平板mini4迷你3壳pro9.7外壳6,¥117.00,
 2018iPad air3新款9.7平板电脑mini5迷你4保护套Pro11英寸2019苹果6硅胶1,¥117.00,
 2018iPad air3保护套新款Pro11英寸苹果2019平板电脑mini5迷你1/2个性10.,¥117.00,
 2017iPad air3苹果mini4迷你2平板电脑6保护套2018新款Pro11英寸10.5无线,¥260.00,
 2018iPad6air3苹果新版9.7保护套10.5平板电脑Pro11英寸mini4迷你2新款20 【ai/】 蛋蛋,¥305.00,
 2019新款iPad air3苹果mini5迷你1/2平板电脑2018新版Pro11英寸10.5硅胶 【ai】 书本式,¥115.00,
 2019新ipad air3/2卡通龙猫2018 pro9.7保护皮套迷你4壳10.5,¥111.00,
 2019新款ipad air3保护套平板壳mini2可爱6迷你3全包边4休眠5防摔 2019年 air3 小狗 10.,¥102.00,
 2019新iPad Air3平板电脑保护套10.5英寸防摔可旋转皮套支架外壳 加钢化膜,¥61.00,
 2019新款ipad air3保护套网红10.5英寸创意旋转皮套苹果Pro10.5全包带休眠平板电脑 白色【2019新,¥90.00,
 2019新款ipad air3保护套网红苹果ipad pro10.5全包A1701 A1852 A2 黑+薄荷绿PC【,¥191.00,
 2018新款iPad air3硅胶4保护套mini1/2迷你5苹果Pro11英寸2019平板电脑6潮 【ai】 语文,¥115.00,
 2018新款iPad6air3苹果mini5迷你2平板Pro11保护套9.7英寸10.5壳4 Pro11新款 眯眼大耳,¥129.00,
 2019 ipad air3保护套2018新款ipad9.7苹果ipad air2硅胶2017新版 2019新iPad,¥125.00,
 2019款ipad Air3 10.5英寸防摔硅胶套Pro保护套支撑外壳A2152,¥219.00,
